{"cameraMode":{"drawMode":0,"name":"Shaded","section":"Shading Mode"},"sceneLighting":false,"audioPlay":false,"sceneViewState":{"showFog":true,"showMaterialUpdate":false,"showSkybox":false,"showFlares":true,"showImageEffects":true,"showParticleSystems":true},"in2DMode":false,"pivot":{"x":2.999558687210083,"y":0.5380926728248596,"z":2.9971749782562258},"rotation":{"x":-0.004238785244524479,"y":-0.9875074028968811,"z":0.15531302988529206,"w":-0.027001582086086274},"size":1.8145623207092286,"orthographic":false}