{"cameraMode":{"drawMode":0,"name":"Shaded","section":"Shading Mode"},"sceneLighting":true,"audioPlay":false,"sceneViewState":{"showFog":true,"showMaterialUpdate":false,"showSkybox":true,"showFlares":true,"showImageEffects":true,"showParticleSystems":true},"in2DMode":false,"pivot":{"x":15.5,"y":0.5165736675262451,"z":7.299999713897705},"rotation":{"x":-0.40769726037979128,"y":-0.018049076199531556,"z":0.008093299344182015,"w":-0.9129515290260315},"size":19.241167068481447,"orthographic":false}