{"cameraMode":{"drawMode":0,"name":"Shaded","section":"Shading Mode"},"sceneLighting":false,"audioPlay":false,"sceneViewState":{"showFog":true,"showMaterialUpdate":false,"showSkybox":false,"showFlares":true,"showImageEffects":true,"showParticleSystems":true},"in2DMode":false,"pivot":{"x":-7.152557373046875e-7,"y":0.9864351153373718,"z":0.014543503522872925},"rotation":{"x":-0.1975039541721344,"y":-0.6830400228500366,"z":0.20011670887470246,"w":-0.6741340160369873},"size":4.53933048248291,"orthographic":false}