{"cameraMode":{"drawMode":0,"name":"Shaded","section":"Shading Mode"},"sceneLighting":true,"audioPlay":false,"sceneViewState":{"showFog":true,"showMaterialUpdate":false,"showSkybox":true,"showFlares":true,"showImageEffects":true,"showParticleSystems":true},"in2DMode":false,"pivot":{"x":2.5,"y":0.7599999904632568,"z":18.700000762939454},"rotation":{"x":0.020998984575271608,"y":-0.008130084723234177,"z":0.00014302336785476655,"w":0.9997811913490295},"size":2.175926446914673,"orthographic":false}