{"cameraMode":{"drawMode":0,"name":"Shaded","section":"Shading Mode"},"sceneLighting":false,"audioPlay":false,"sceneViewState":{"showFog":true,"showMaterialUpdate":false,"showSkybox":false,"showFlares":true,"showImageEffects":true,"showParticleSystems":true},"in2DMode":false,"pivot":{"x":0.3028879761695862,"y":0.38399314880371096,"z":0.15163946151733399},"rotation":{"x":-0.1332128345966339,"y":-0.4801331162452698,"z":0.07403938472270966,"w":-0.8638741970062256},"size":2.218428611755371,"orthographic":false}