{"cameraMode":{"drawMode":0,"name":"Shaded","section":"Shading Mode"},"sceneLighting":false,"audioPlay":false,"sceneViewState":{"showFog":true,"showMaterialUpdate":false,"showSkybox":false,"showFlares":true,"showImageEffects":true,"showParticleSystems":true},"in2DMode":false,"pivot":{"x":-4.234615325927734,"y":2.4200000762939455,"z":-21.918960571289064},"rotation":{"x":-0.0034649481531232597,"y":-0.9596149325370789,"z":0.28114500641822817,"w":-0.011838735081255436},"size":8.156551361083985,"orthographic":false}