{"cameraMode":{"drawMode":0,"name":"Shaded","section":"Shading Mode"},"sceneLighting":false,"audioPlay":false,"sceneViewState":{"showFog":true,"showMaterialUpdate":false,"showSkybox":false,"showFlares":true,"showImageEffects":true,"showParticleSystems":true},"in2DMode":false,"pivot":{"x":2.999558687210083,"y":0.5380926728248596,"z":2.9971749782562258},"rotation":{"x":-0.0025134903844445945,"y":-0.99034583568573,"z":0.13754194974899293,"w":-0.018161389976739885},"size":2.714562177658081,"orthographic":false}